{"schemaVersion":"1.0","appDefinitionTemplate":{"id":"/providers/Microsoft.PowerApps/apps/","type":"Microsoft.PowerApps/apps","tags":{"primaryDeviceWidth":"1366","primaryDeviceHeight":"768","sienaVersion":"20210517T185614Z-3.21044.25.0","deviceCapabilities":"","supportsPortrait":"false","supportsLandscape":"true","primaryFormFactor":"Tablet","publisherVersion":"3.21044.25","minimumRequiredApiVersion":"2.2.0","hasComponent":"true","hasUnlockedComponent":"true","isUnifiedRootApp":"false"},"properties":{"appVersion":"2021-05-17T18:56:14Z","lifeCycleId":"Published","createdByClientVersion":{"major":3,"minor":21044,"build":25,"revision":0,"majorRevision":0,"minorRevision":0},"minClientVersion":{"major":3,"minor":21044,"build":25,"revision":0,"majorRevision":0,"minorRevision":0},"backgroundColor":"rgba(126, 115, 95, 1)","backgroundImageUri":"/16120747175049149399/Na4f3fd30-2057-463b-bbc4-698f7573303f-logoSmallFile","displayName":"Riscos","description":"","commitMessage":"Correção onstart","appUris":{"documentUri":{"value":"/16120747175049149399/N04afd24c-9021-425d-8f46-444e52e2cb88-document.msapp"},"imageUris":[]},"createdTime":"0001-01-01T00:00:00Z","lastModifiedTime":"0001-01-01T00:00:00Z","sharedGroupsCount":0,"sharedUsersCount":0,"icons":{"smallIconUri":"/16120747175049149399/N9eb14e94-d26a-4bab-ac07-cac663caf0b3-small.png","mediumIconUri":"/16120747175049149399/N88cc29eb-b9a6-496b-9a90-76daadb91fcd-medium.png","largeIconUri":"/16120747175049149399/N34101b17-2d03-440a-95d6-f8718ff406fa-large.png","wideIconUri":"/16120747175049149399/Nbbf3014e-a354-4452-9b28-2ea4e65de83b-wide.png"},"connectionReferences":{"210280b6-d841-4576-8067-e1e049b7f02c":{"id":"876be8ce-fc5d-4733-9d34-1d14c49fb4a9","displayName":"Usuários do Office 365","iconUri":"https://connectoricons-prod.azureedge.net/releases/v1.0.1460/1.0.1460.2389/office365users/icon.png","dataSources":["UsuáriosdoOffice365"],"dependencies":[],"dependents":[],"parameterHints":{},"isOnPremiseConnection":false,"bypassConsent":false,"dataSets":{},"apiTier":"Standard","isCustomApiConnection":false,"actions":["MyProfile","MyProfileV2","UserPhotoV2"]},"1ec45e82-9e54-40be-aa11-9e8223abbe43":{"id":"1153b410-47ac-49bc-b485-3d5501d902b0","displayName":"SharePoint","iconUri":"https://connectoricons-prod.azureedge.net/releases/v1.0.1465/1.0.1465.2409/sharepointonline/icon.png","dataSources":["Tipo de Projeto","Lições Aprendidas","Projetos","Riscos","Plano de Ação","Problemas"],"dependencies":[],"dependents":[],"parameterHints":{},"isOnPremiseConnection":false,"bypassConsent":false,"dataSets":{"https://iunexsolucoes.sharepoint.com/sites/PPMStartUP":{"dataSources":{"Tipo de Projeto":{"tableName":"90fe4308-c730-464b-880f-f2e39f93873c"},"Plano de Ação":{"tableName":"165965f5-d5cb-4bbd-8b24-deda72862265"},"Problemas":{"tableName":"6e904f5e-d8db-4824-b21c-02695a3983a8"}}}},"apiTier":"Standard","isCustomApiConnection":false},"6262b0d4-6d71-4590-a029-05ca8ed43aca":{"id":"1153b410-47ac-49bc-b485-3d5501d902b0","displayName":"SharePoint","iconUri":"https://connectoricons-prod.azureedge.net/releases/v1.0.1465/1.0.1465.2409/sharepointonline/icon.png","dataSources":["Projetos"],"dependencies":[],"dependents":[],"parameterHints":{},"isOnPremiseConnection":false,"bypassConsent":false,"dataSets":{"https://iunexsolucoes.sharepoint.com/sites/PPMStartUP":{"dataSources":{"Projetos":{"tableName":"3eec33fd-d89b-46d3-bd30-7413465a5260"}}}},"apiTier":"Standard","isCustomApiConnection":false},"91e59d74-2905-4405-9293-95d0c38ef6ff":{"id":"1153b410-47ac-49bc-b485-3d5501d902b0","displayName":"SharePoint","iconUri":"https://connectoricons-prod.azureedge.net/releases/v1.0.1465/1.0.1465.2409/sharepointonline/icon.png","dataSources":["Riscos"],"dependencies":[],"dependents":[],"parameterHints":{},"isOnPremiseConnection":false,"bypassConsent":false,"dataSets":{"https://iunexsolucoes.sharepoint.com/sites/PPMStartUP":{"dataSources":{"Riscos":{"tableName":"b3af617e-566d-49e8-a9eb-422d602c3e43"}}}},"apiTier":"Standard","isCustomApiConnection":false}},"databaseReferences":{},"almMode":"Environment","performanceOptimizationEnabled":true,"canConsumeAppPass":true,"executionRestrictions":{"isTeamsOnly":false,"dataLossPreventionEvaluationResult":{"status":"Compliant","lastEvaluationDate":"2020-10-23T17:38:52.7756585Z","violationDetails":[]}}},"isAppComponentLibrary":false,"appType":"ClassicCanvasApp","appComponents":[]}}